{
    "car_performance_index": 866.0,
    "dist_traveled": 0.0,
    "tire_combined_slip_FR": 0.021676206961274147,
    "pitch": -0.04123891890048981,
    "speed": 0.00010493083391338587,
    "car_ordinal": 2164.0,
    "cur_race_time": 10071.39453125,
    "fuel": 1.0,
    "surface_rumble_RR": 0.5999999642372131,
    "accel": 0.0,
    "tire_slip_angle_FL": -0.007054638117551804,
    "tire_slip_angle_FR": -0.003085993230342865,
    "surface_rumble_RL": 0.5999999642372131,
    "norm_suspension_travel_FR": 0.4054165482521057,
    "suspension_travel_meters_FR": -0.00029996782541275024,
    "wheel_in_puddle_RL": 0.0,
    "clutch": 0.0,
    "wheel_in_puddle_RR": 0.0,
    "suspension_travel_meters_FL": -0.0004947111010551453,
    "drivetrain_type": 2.0,
    "tire_combined_slip_FL": 0.018376074731349945,
    "measurement": "telemetry",
    "race_pos": 0.0,
    "surface_rumble_FR": 0.5999999642372131,
    "tire_slip_angle_RR": -0.0052244048565626144,
    "tire_slip_angle_RL": -0.009056593291461468,
    "surface_rumble_FL": 0.5999999642372131,
    "is_race_on": 1.0,
    "boost": -14.699999809265137,
    "power": -0.04483351483941078,
    "norm_ai_brake_diff": 0.0,
    "wheel_rotation_speed_RR": 0.0,
    "wheel_rotation_speed_RL": 0.0,
    "norm_suspension_travel_FL": 0.40339574217796326,
    "num_cylinders": 10.0,
    "tire_slip_ratio_RR": -0.001732149627059698,
    "tire_slip_ratio_RL": -0.004456561990082264,
    "norm_driving_line": 0.0,
    "engine_max_rpm": 9999.9951171875,
    "wheel_in_puddle_FR": 0.0,
    "suspension_travel_meters_RL": -0.00018471479415893555,
    "suspension_travel_meters_RR": 0.00042588263750076294,
    "wheel_rotation_speed_FR": 0.0,
    "yaw": -0.7471274733543396,
    "angular_velocity_z": -6.174507143441588e-05,
    "angular_velocity_y": 7.883102171035716e-07,
    "angular_velocity_x": 0.0002383170649409294,
    "wheel_rotation_speed_FL": 0.0,
    "best_lap_time": 0.0,
    "norm_suspension_travel_RR": 0.3885951638221741,
    "tire_temp_RR": 106.50111389160156,
    "wheel_on_rumble_strip_FL": 0.0,
    "gear": 1.0,
    "wheel_in_puddle_FL": 0.0,
    "current_engine_rpm": 1100.01025390625,
    "tire_slip_ratio_FL": 0.016967974603176117,
    "tire_temp_RL": 106.50111389160156,
    "wheel_on_rumble_strip_FR": 0.0,
    "norm_suspension_travel_RL": 0.3819963335990906,
    "tire_combined_slip_RR": 0.005504066590219736,
    "car_class": 4.0,
    "tire_combined_slip_RL": 0.01009370293468237,
    "velocity_z": 0.00010160518286284059,
    "handbrake": 0.0,
    "steer": 0.0,
    "velocity_x": 2.590768417576328e-05,
    "position_y": 281.5420837402344,
    "torque": -0.00038920415681786835,
    "engine_idle_rpm": 1099.9993896484375,
    "wheel_on_rumble_strip_RL": 0.0,
    "tire_slip_ratio_FR": 0.02145540900528431,
    "wheel_on_rumble_strip_RR": 0.0,
    "brake": 0.0,
    "position_x": -862.1235961914062,
    "velocity_y": -3.956890395784285e-06,
    "tire_temp_FL": 103.44393157958984,
    "acceleration_z": -0.004062993917614222,
    "acceleration_y": 5.2345218136906624e-05,
    "acceleration_x": 0.004379557445645332,
    "cur_lap_time": 0.0,
    "timestamp_ms": 10654125.0,
    "roll": -0.031015565618872643,
    "tire_temp_FR": 101.47648620605469,
    "lap_no": 0.0,
    "position_z": -6191.73046875,
    "last_lap_time": 0.0
}